KNo,Amount,Due Date,Board
210464042369,1300,19/12/22,AVVNL
130121013666,2546,13/12/22,AVVNL
130121013696,595,13/12/22,AVVNL
130121013682,885,13/12/22,AVVNL
130111013664,1782,21/12/22,AVVNL
130122014694,332,15/12/22,AVVNL
130124019090,2683,15/12/22,AVVNL
130112012571,5890,14/12/22,AVVNL
130112011825,2171,14/12/22,AVVNL
130111012829,1440,16/12/22,AVVNL
130112011826,5597,14/12/22,AVVNL
130112011957,834,14/12/22,AVVNL
130112016456,846,14/12/22,AVVNL
130112012567,1851,14/12/22,AVVNL
130112012592,809,14/12/22,AVVNL
130112012581,1267,14/12/22,AVVNL
130112015168,631,14/12/22,AVVNL
130112016146,396,14/12/22,AVVNL
130112012302,2302,14/12/22,AVVNL
130112012403,1361,14/12/22,AVVNL
130112012416,1592,14/12/22,AVVNL
130112012377,3505,14/12/22,AVVNL
130112012134,1296,14/12/22,AVVNL
130112016587,4801,14/12/22,AVVNL
130112012182,3574,14/12/22,AVVNL
130112012350,3500,14/12/22,AVVNL
130112012351,1144,14/12/22,AVVNL
130111011186,3154,13/12/22,AVVNL
130111009733,1224,13/12/22,AVVNL
130113025731,2127,13/12/22,AVVNL
130111009718,3397,13/12/22,AVVNL
130111009993,689,13/12/22,AVVNL
130111009791,2690,13/12/22,AVVNL
130111010405,1474,13/12/22,AVVNL
130121014346,2027,13/12/22,AVVNL
130111010008,1099,13/12/22,AVVNL
130113018100,15209,13/12/22,AVVNL
130113018494,7627,12/12/22,AVVNL
130113018442,1594,12/12/22,AVVNL
130142008514,666,12/12/22,AVVNL
130123011822,2220,09/12/22,AVVNL
130112010794,2623,08/12/22,AVVNL
130124017617,1289,09/12/22,AVVNL
130122015051,848,15/12/22,AVVNL
130112011960,3084,14/12/22,AVVNL
130112012259,778,14/12/22,AVVNL
130112012257,1054,14/12/22,AVVNL
130112012386,1898,14/12/22,AVVNL
130112012222,601,14/12/22,AVVNL
130112012535,3249,14/12/22,AVVNL
130112012550,2624,14/12/22,AVVNL
130112012626,1210,14/12/22,AVVNL
130112012638,8976,14/12/22,AVVNL
130113018313,724,13/12/22,AVVNL
130111010490,8273,13/12/22,AVVNL
130111011077,1020,13/12/22,AVVNL
130113018422,891,12/12/22,AVVNL
130111018430,1668,13/12/22,AVVNL
130142033830,365,12/12/22,AVVNL
130113017942,360,12/12/22,AVVNL
130111009197,2535,05/12/22,AVVNL
130123020184,2715,09/12/22,AVVNL
130123022748,3119,21/11/22,AVVNL
210166021878,686,19-12-2022,JVVNL
210162016485,1241,13-12-2022,JVVNL
210464043286,623,13-12-2022,JVVNL
210464010479,552,13-12-2022,JVVNL
210464001672,909,19-12-2022,JVVNL
210464051564,1249,22-12-2022,JVVNL
210464061646,1076,15-12-2022,JVVNL
210464007500,1726,13-12-2022,JVVNL
210464012200,2443,19-12-2022,JVVNL
210464003094,2373,19-12-2022,JVVNL
210464049310,812,22-12-2022,JVVNL
210464014443,1847,15-11-2022,JVVNL
210464004947,1203,20-12-2022,JVVNL
210464030576,761,17-11-2022,JVVNL
210464008499,1089,20-12-2022,JVVNL
210464064337,439,19-12-2022,JVVNL
210581000349,1125,13-12-2022,JVVNL
210581004656,1156,13-12-2022,JVVNL
210581004421,907,19-12-2022,JVVNL
210464037692,870,16-12-2022,JVVNL
210464022375,916,19-12-2022,JVVNL
210464026573,309,15-12-2022,JVVNL
210464030547,4513,13-12-2022,JVVNL
210464033106,1914,13-12-2022,JVVNL
210464014734,1536,13-12-2022,JVVNL
210464015725,2547,19-12-2022,JVVNL
210463030601,477,22-12-2022,JVVNL
210463023924,736,22-12-2022,JVVNL
210463006076,1943,13-12-2022,JVVNL
210463020262,1100,13-12-2022,JVVNL
210122010304,416,13-12-2022,JVVNL
210464032068,1019,13-12-2022,JVVNL
210464020303,736,19-12-2022,JVVNL
210464037517,1245,13-12-2022,JVVNL
210464030196,1478,19-12-2022,JVVNL
210464008841,1836,14-12-2022,JVVNL
210464051191,907,19-12-2022,JVVNL
210464059725,1204,22-12-2022,JVVNL
210464014190,1484,16-12-2022,JVVNL
210464012401,2323,22-11-2022,JVVNL
210464061804,733,20-12-2022,JVVNL
210464063190,3805,15-12-2022,JVVNL
210464016768,1009,16-12-2022,JVVNL
210464019733,1346,19-12-2022,JVVNL
210464004034,3255,19-12-2022,JVVNL
210464009594,966,13-12-2022,JVVNL
210464015293,1840,14-12-2022,JVVNL
210464014793,3971,14-12-2022,JVVNL
210464015924,856,13-12-2022,JVVNL
210464022747,1204,14-12-2022,JVVNL
210464022008,813,20-12-2022,JVVNL
210464016099,1589,14-11-2022,JVVNL
210464028572,879,22-12-2022,JVVNL
210463029128,492,13-12-2022,JVVNL
210464030577,449,13-12-2022,JVVNL
210464040708,4178,13-12-2022,JVVNL
210463012084,752,15-12-2022,JVVNL
210464032585,2234,22-12-2022,JVVNL
210464028615,672,19-12-2022,JVVNL
210464006961,792,20-12-2022,JVVNL
210464032354,1645,19-12-2022,JVVNL
210464007491,1243,19-12-2022,JVVNL
210464007474,568,15-12-2022,JVVNL
210464022773,1529,19-12-2022,JVVNL
210464013290,920,22-12-2022,JVVNL
210464043351,772,13-12-2022,JVVNL
210464024607,766,13-12-2022,JVVNL
210464021870,2292,28-11-2022,JVVNL
210464028733,1736,19-12-2022,JVVNL
210162019328,1356,12-12-2022,JVVNL
210162020412,452,13-12-2022,JVVNL
210162004965,1288,16-12-2022,JVVNL
210572027607,768,12-12-2022,JVVNL
210572027591,2444,12-12-2022,JVVNL
210572027381,577,12-12-2022,JVVNL
210572022672,1220,12-12-2022,JVVNL
210572026780,12756,12-12-2022,JVVNL
210162038314,9157,13-12-2022,JVVNL
210162011910,869,14-12-2022,JVVNL
210162043966,1173,14-12-2022,JVVNL
210162007776,612,12-12-2022,JVVNL
210162011896,482,13-12-2022,JVVNL
210572021451,1607,12-12-2022,JVVNL
210572021449,1607,12-12-2022,JVVNL
210572026229,2904,12-12-2022,JVVNL
210572018971,811,13-12-2022,JVVNL
210162047952,508,13-12-2022,JVVNL
210162020604,341,12-12-2022,JVVNL
210166025165,9042,15-12-2022,JVVNL
210162049443,9523,12-12-2022,JVVNL
210162020704,969,12-12-2022,JVVNL
210464036287,817,15-12-2022,JVVNL
210464049988,1422,13-12-2022,JVVNL
210464026774,1003,19-12-2022,JVVNL
210464034473,921,14-12-2022,JVVNL
210464063939,587,13-12-2022,JVVNL
210464036759,1263,19-12-2022,JVVNL
210464023476,2551,20-12-2022,JVVNL
210464022454,1551,14-12-2022,JVVNL
210464047634,708,19-12-2022,JVVNL
210464028617,1079,19-12-2022,JVVNL
210464011489,3779,19-12-2022,JVVNL
210464000386,1705,19-12-2022,JVVNL
210464023856,873,19-12-2022,JVVNL
210464060123,35177,17-11-2022,JVVNL
210464014014,780,19-12-2022,JVVNL
210464005284,876,13-12-2022,JVVNL
210464034080,1013,19-12-2022,JVVNL
210162028624,8446,12-12-2022,JVVNL
210162028412,4864,12-12-2022,JVVNL
210162011687,926,12-12-2022,JVVNL
210421037571,1537,14-12-2022,JVVNL
210464029391,4315,19-12-2022,JVVNL
210166023682,1408,12-12-2022,JVVNL
210166000492,829,14-11-2022,JVVNL
210464057740,4474,15-12-2022,JVVNL
210464014104,9990,19-12-2022,JVVNL
210464000894,1545,19-12-2022,JVVNL
210464026888,790,19-12-2022,JVVNL
210162020405,1078,16-12-2022,JVVNL
210162019635,3057,13-12-2022,JVVNL
210162038810,2710,12-12-2022,JVVNL
210162011882,1304,12-12-2022,JVVNL
210581017855,440,12-12-2022,JVVNL
210464031475,1112,15-12-2022,JVVNL
210464007829,913,19-12-2022,JVVNL
210464024576,861,15-12-2022,JVVNL
210464005347,300,16-12-2022,JVVNL
210464019077,997,13-12-2022,JVVNL
210464026693,512,12-12-2022,JVVNL
210464028858,1212,19-12-2022,JVVNL
210463072362,383,14-12-2022,JVVNL
210464060137,2248,15-12-2022,JVVNL
210464000241,1269,19-12-2022,JVVNL
210464029536,1711,15-12-2022,JVVNL
210464005167,865,12-12-2022,JVVNL
210464007277,1769,12-12-2022,JVVNL
210464018093,572,12-12-2022,JVVNL
210464039600,2189,19-12-2022,JVVNL
210464016351,1599,12-12-2022,JVVNL
210464000678,1091,12-12-2022,JVVNL
210426003763,1138,16-12-2022,JVVNL
210422046326,4864,15-12-2022,JVVNL
210426003771,1773,16-12-2022,JVVNL
210463042362,1547,22-11-2022,JVVNL
210464016414,852,16-12-2022,JVVNL
210464040448,348,16-12-2022,JVVNL
210454033471,1319,19-12-2022,JVVNL
210464050338,2414,12-12-2022,JVVNL
210162020712,1215,13-12-2022,JVVNL
210162012200,942,13-12-2022,JVVNL
210166023271,567,20-12-2022,JVVNL
210162012199,1157,13-12-2022,JVVNL
210464029455,2038,16-12-2022,JVVNL
210464022326,752,20-12-2022,JVVNL
210464048196,591,12-12-2022,JVVNL
210464037074,798,15-12-2022,JVVNL
210464030587,510,13-12-2022,JVVNL
210464030560,6197,13-12-2022,JVVNL
210463032060,1527,17-11-2022,JVVNL
210464050703,3595,19-12-2022,JVVNL
210464026783,970,15-12-2022,JVVNL
210464030506,1387,12-12-2022,JVVNL
210464011625,941,19-12-2022,JVVNL
210464018645,2677,13-12-2022,JVVNL
210464040774,1648,15-12-2022,JVVNL
210464020451,3685,12-12-2022,JVVNL
210464000147,8783,27-10-2022,JVVNL
210464023237,1520,16-12-2022,JVVNL
210464030967,1162,19-12-2022,JVVNL
210464023444,1782,19-12-2022,JVVNL
210464015926,494,13-12-2022,JVVNL
210464018292,796,13-12-2022,JVVNL
210166011835,1376,21-12-2022,JVVNL
210464049586,635,13-12-2022,JVVNL
210162011908,2002,15-12-2022,JVVNL
210581024285,6221,12-12-2022,JVVNL
210464015833,849,20-12-2022,JVVNL
210162011584,514,16-12-2022,JVVNL
210464036746,198,19-12-2022,JVVNL
210464033415,744,15-12-2022,JVVNL
210464009932,1794,13-12-2022,JVVNL
210162028560,1911,12-12-2022,JVVNL
210464022448,2373,13-12-2022,JVVNL
210162028494,1790,12-12-2022,JVVNL
210162015916,1695,12-12-2022,JVVNL
210464027002,741,21-11-2022,JVVNL
210464037543,2161,15-12-2022,JVVNL
210464033542,888,12-12-2022,JVVNL
210464007074,4106,28-11-2022,JVVNL
210464054046,7300,28-11-2022,JVVNL
210572026789,479,12-12-2022,JVVNL
210162020593,743,12-12-2022,JVVNL
210572031482,814,16-12-2022,JVVNL
210572034142,709,12-12-2022,JVVNL
210572035122,316,13-12-2022,JVVNL
210572033483,581,19-12-2022,JVVNL
210572026312,639,12-12-2022,JVVNL
210572030186,1391,13-12-2022,JVVNL
210572026314,1251,12-12-2022,JVVNL
210572035005,2023,13-12-2022,JVVNL
210572011456,1754,14-12-2022,JVVNL
210464000769,5487,15-12-2022,JVVNL
210464011339,1566,19-12-2022,JVVNL
210464020282,897,19-12-2022,JVVNL
210464029625,417,12-12-2022,JVVNL
210581026729,462,16-12-2022,JVVNL
210464049600,1640,15-11-2022,JVVNL
210464024973,1275,19-12-2022,JVVNL
210162019863,947,13-12-2022,JVVNL
210464002967,1977,19-12-2022,JVVNL
210464060873,888,19-12-2022,JVVNL
210162016074,3975,13-12-2022,JVVNL
210464020326,3629,15-12-2022,JVVNL
210464062628,616,12-12-2022,JVVNL
210464043316,1013,12-12-2022,JVVNL
210464011995,1575,13-12-2022,JVVNL
210464003535,4986,28-10-2022,JVVNL
210464018516,602,19-12-2022,JVVNL
210464018054,6596,13-12-2022,JVVNL
210464027017,1799,19-12-2022,JVVNL
